Time (seconds),strength
0.88,990
0.98,993
1.09,1017
1.19,993
1.30,1000
1.40,995
1.51,999
1.61,994
1.71,1007
1.82,1006
1.92,1005
2.02,985
2.13,998
2.23,970
2.34,1007
2.44,1003
2.54,1000
2.65,1003
2.75,1016
2.86,998
2.96,990
3.06,1040
3.17,1011
3.27,1012
3.38,804
3.50,1032
3.60,900
3.71,1334
3.81,1205
3.92,1167
4.02,1085
4.12,485
4.23,1176
4.33,849
4.44,1082
4.54,1217
4.64,1031
4.75,988
4.85,1014
4.96,951
5.06,975
5.16,972
5.27,934
5.37,832
5.48,1022
5.58,938
5.68,1011
5.79,1017
5.89,1094
6.00,1031
6.10,1005
6.21,973
6.32,981
6.43,1046
6.53,1048
6.64,1030
6.74,1051
6.84,1032
6.95,1158
7.05,964
7.16,1014
7.26,1022
7.36,1027
7.47,1022
7.57,983
7.68,953
7.78,1035
7.88,920
7.99,1096
8.09,1021
8.20,660
8.30,1168
8.40,1084
8.51,1008
8.61,1009
8.72,1263
8.82,1020
8.92,1011
9.05,1175
9.15,972
9.26,937
9.36,1007
9.46,1001
9.57,997
9.67,1000
9.78,937
9.88,1020
9.99,946
10.09,970
10.19,929
10.30,894
10.40,1013
10.50,988
10.61,1026
10.71,1029
10.82,1000
10.92,1010
11.02,1013
11.13,991
11.23,991
11.34,1002
11.44,968
11.54,984
11.67,1013
11.77,1005
11.88,1043
11.98,999
12.08,985
12.19,1013
12.29,1026
12.40,1013
12.50,1012
12.60,1032
12.71,1062
12.81,954
12.92,826
13.02,791
13.12,831
13.23,997
13.33,938
13.44,1095
13.54,1111
13.64,1023
13.75,1040
13.85,1039
13.96,1066
14.06,1037
14.18,1051
14.29,1038
14.39,1038
14.50,1046
14.60,1054
14.70,1033
14.81,1032
14.91,1046
15.02,1013
15.12,1065
15.22,1026
15.33,1032
15.43,1037
15.54,1009
15.64,1061
15.74,1036
15.85,1027
15.95,1025
16.06,1055
16.16,999
16.26,938
16.37,1026
16.47,1034
16.58,1045
16.70,1002
16.80,995
16.91,1027
17.01,1030
17.12,1035
17.22,1027
17.32,1030
17.43,1030
17.53,1023
17.64,1030
17.74,1016
17.84,1024
17.95,1045
18.05,1031
18.16,1042
18.26,1045
18.36,1024
18.47,1039
18.57,969
18.68,1013
18.78,1022
18.88,1030
18.99,1030
19.11,1034
19.22,1031
19.32,1038
19.42,1051
19.53,1035
19.63,1042
19.74,1033
19.84,1046
19.94,1008
20.05,1037
20.15,1038
20.26,1035
20.36,1058
20.46,1026
20.57,1000
20.67,1170
20.78,1031
20.88,996
20.98,1041
21.09,1005
21.19,1059
21.30,1007
21.40,1019
21.51,1044
21.62,1025
21.73,1024
21.83,1030
21.94,1025
22.04,1018
22.14,1048
22.25,1028
22.35,1037
22.46,1040
22.56,1024
22.66,1031
22.77,1042
22.87,987
22.98,1038
23.08,1037
23.18,1004
23.29,1067
23.39,1040
23.50,1024
23.60,1030
23.70,1042
23.81,1036
23.91,1029
24.04,1039
24.14,1035
24.24,1090
24.35,1052
24.45,1032
24.56,1038
24.66,1012
24.76,1067
24.87,937
24.97,1015
25.08,1012
25.18,1008
25.28,1017
25.39,1073
25.49,1025
25.60,1024
25.70,1041
25.81,1031
25.91,1041
26.01,1042
26.12,1018
26.22,1037
26.32,1013
26.45,1027
26.55,1036
26.66,1026
26.76,1034
26.86,1020
26.97,1028
27.07,1005
27.18,1041
27.28,1024
27.38,1027
27.49,979
27.59,1006
27.70,1028
27.80,1035
27.90,1022
28.01,1012
28.11,1063
28.22,971
28.32,1031
28.42,1030
28.53,1028
28.63,1039
28.74,1033
28.84,1033
28.96,985
29.07,1020
29.17,1015
29.28,1025
29.38,1032
29.48,1000
29.59,1016
29.69,1017
29.80,1028
29.90,1010
30.00,1019
30.11,955
30.21,1032
30.32,1046
30.42,1015
30.52,1016
30.63,1118
30.73,1048
30.84,1053
30.94,1061
31.04,1031
31.15,969
31.25,1044
31.38,985
31.48,1067
31.58,1049
31.69,957
31.79,1097
31.90,967
32.00,1156
32.10,1013
32.21,1029
32.31,1111
32.42,1072
32.52,1124
32.62,1143
32.73,934
32.83,956
32.94,1084
33.04,1124
33.14,648
33.25,753
33.35,1052
33.46,1203
33.56,917
33.66,632
33.77,1017
33.89,986
34.00,992
34.10,1066
34.20,1101
34.31,982
34.41,1019
34.52,1077
34.62,986
34.72,990
34.83,977
34.93,984
35.04,988
35.14,976
35.24,1005
35.35,1020
35.45,982
35.56,998
35.66,1021
35.76,1451
35.87,1010
35.97,976
36.08,1027
36.18,991
36.28,994
36.39,999
36.51,983
36.62,1024
36.72,961
36.82,949
36.93,985
37.03,996
37.14,1058
37.24,986
37.34,955
37.45,1030
37.55,1025
37.66,687
37.76,1887
37.86,1263
37.97,1005
38.07,827
38.18,1773
38.28,1003
38.38,1057
38.49,993
38.59,1054
38.70,942
38.80,943
38.90,924
39.03,1048
39.13,971
39.24,1020
39.34,418
39.44,922
39.55,997
39.65,987
39.76,984
39.86,976
39.96,999
40.07,1002
40.17,983
40.28,990
40.38,997
40.48,995
40.59,1003
40.69,988
40.80,1117
40.90,974
41.00,991
41.11,921
41.21,1016
41.32,1079
41.42,951
41.52,936
41.75,1017
41.86,1152
41.96,963
42.06,642
42.17,863
42.27,1169
42.38,1058
42.48,986
42.58,1348
42.69,630
42.79,844
42.90,1069
43.00,1101
43.10,1039
43.21,999
43.31,1071
43.42,1058
43.52,1017
43.62,907
43.73,873
43.83,928
43.94,975
44.04,1051
44.14,1039
44.25,1011
44.37,1023
44.48,1573
44.58,879
44.68,1026
44.79,1002
44.89,868
45.00,943
45.10,986
45.20,938
45.31,954
45.41,937
45.52,1117
45.62,930
45.72,1003
45.83,1039
45.93,983
46.04,951
46.14,1044
46.24,1003
46.35,1023
46.45,953
46.56,1004
46.66,992
46.76,1018
46.89,1003
46.99,1002
47.10,1018
47.20,1010
47.30,1005
47.41,979
47.51,1016
47.62,1022
47.72,1229
47.82,1028
47.93,1035
48.03,1264
48.14,1037
48.24,1020
48.34,975
48.45,991
48.55,996
48.66,995
48.76,1000
48.86,995
48.97,990
49.07,987
49.18,979
49.28,1004
49.40,992
49.51,1000
49.61,998
49.72,995
49.82,994
49.93,997
50.03,992
50.13,999
50.24,1007
50.34,999
50.44,990
50.55,993
50.65,1005
50.76,985
50.86,990
50.96,998
51.07,1001
51.17,988
51.28,991
51.38,992
51.48,992
51.59,1005
51.69,991
51.80,977
51.90,986
52.02,985
52.13,991
52.23,987
52.34,993
52.44,996
52.54,1005
52.65,1000
52.75,1010
52.86,1004
52.96,998
53.06,998
53.17,1004
53.27,990
53.38,1000
53.48,995
53.58,996
53.69,995
53.79,988
53.90,992
54.00,997
54.10,998
54.21,989
54.31,1003
54.42,1005
54.52,995
54.64,988
54.75,992
54.85,1004
54.96,1002
55.06,979
55.16,962
55.27,1014
55.37,995
55.48,979
55.58,997
55.68,1002
55.79,998
55.89,1002
56.00,974
56.10,979
56.20,1011
56.31,989
56.41,987
56.52,987
56.62,989
56.72,1006
56.83,995
56.93,989
57.04,998
57.14,1000
57.26,1002
57.37,973
57.47,985
57.58,998
57.68,1005
57.78,975
57.89,989
57.99,993
58.10,995
58.20,984
58.30,996
58.41,989
58.51,991
58.62,994
58.72,1006
58.82,997
58.93,997
59.03,994
59.14,992
59.24,997
59.34,1002
59.45,998
59.55,997
59.66,988
59.76,1000
59.88,997
59.99,989
60.09,1000
60.20,992
60.30,992
60.40,1006
60.51,992
60.61,1008
60.72,998
60.82,986
60.92,997
61.03,991
61.13,994
61.24,994
61.34,994
61.44,996
61.55,1005
61.65,997
61.76,995
61.86,996
61.96,998
62.07,1004
62.17,994
62.28,994
62.38,995
62.50,997
62.61,1002
62.71,997
62.82,997
62.92,1002
63.02,1001
63.13,1000
63.23,1002
63.34,992
63.44,992
63.54,989
63.65,994
63.75,1000
63.86,1003
63.96,991
64.06,988
64.17,968
64.27,980
64.38,988
64.48,969
64.58,998
64.69,988
64.79,992
64.90,963
65.00,1000
65.13,998
65.23,993
65.33,1000
65.44,1000
65.54,996
65.64,1009
65.75,1018
65.85,1002
65.96,947
66.06,984
66.16,978
66.27,1075
66.37,976
66.48,982
66.58,1005
66.68,984
66.79,549
66.89,1025
67.00,993
67.10,1001
67.20,1000
67.31,995
67.41,950
67.52,1075
67.64,1004
67.74,1002
67.85,973
67.95,1002
68.06,994
68.16,1029
68.26,1011
68.37,892
68.47,969
68.58,1017
68.68,994
68.78,994
68.89,1062
68.99,985
69.10,985
69.20,1000
69.31,975
69.41,980
69.51,988
69.62,996
69.72,997
69.82,994
69.93,973
70.03,983
70.14,997
70.26,998
70.36,991
70.47,994
70.57,1005
70.68,983
70.78,997
70.88,1000
70.99,1000
71.09,998
71.20,987
71.30,992
71.40,986
71.51,988
71.61,1000
71.72,1002
71.82,999
71.92,990
72.03,1002
72.13,1002
72.24,1000
72.34,1011
72.44,1012
72.55,1018
72.65,1009
72.78,1005
72.88,999
72.98,993
73.09,997
73.19,1051
73.30,1010
73.40,1002
73.50,1010
73.61,1008
73.71,1007
73.82,1010
73.92,997
74.02,996
74.13,996
74.23,1004
74.34,996
74.44,1005
74.54,996
74.65,996
74.75,1000
74.86,997
74.96,991
75.06,999
75.17,996
75.27,1002
75.40,999
75.50,989
75.60,996
75.71,993
75.81,991
75.92,1001
76.02,993
76.12,996
76.23,1001
76.33,999
76.44,1005
76.54,999
76.64,1005
76.75,993
76.85,996
76.96,1005
77.06,1007
77.16,999
77.27,996
77.37,993
77.48,1005
77.58,1004
77.68,991
77.79,999
77.89,999
78.02,996
78.12,996
78.22,997
78.33,1005
78.43,999
78.54,996
78.64,996
78.74,993
78.85,996
78.95,1002
79.06,993
79.16,993
79.26,996
79.37,998
79.47,996
79.58,1002
79.68,1002
79.78,999
79.89,996
79.99,1002
80.10,999
80.20,994
80.30,996
80.41,999
80.51,996
80.64,1002
80.74,990
80.84,999
80.95,1001
81.05,1002
81.16,1002
81.26,999
81.36,996
81.47,999
81.57,993
81.68,1002
81.78,1001
81.88,993
81.99,999
82.09,999
82.20,999
82.30,999
82.40,998
82.51,996
82.61,1005
82.72,999
82.82,996
82.92,1007
83.03,996
83.25,999
83.36,997
83.47,996
83.57,993
83.68,1002
83.78,999
83.88,1001
83.99,1002
84.09,996
84.20,1002
84.30,993
84.40,1002
84.51,996
84.61,1007
84.72,996
84.82,1007
84.92,999
85.03,1001
85.13,999
85.24,999
85.34,999
85.44,1005
85.55,1004
85.65,1002
85.76,1013
85.88,991
85.98,999
86.09,999
86.19,991
86.30,1001
86.40,993
86.50,993
86.61,1008
86.71,991
86.82,1000
86.92,1005
87.02,982
87.13,993
87.23,996
87.34,999
87.44,999
87.54,1002
87.65,997
87.75,1002
87.86,779
87.96,1004
88.06,969
88.17,977
88.27,978
88.38,988
88.50,1005
88.60,999
88.71,996
88.81,990
88.92,990
89.02,993
89.12,1013
89.23,985
89.33,988
89.44,995
89.54,988
89.65,985
89.75,990
89.85,1002
89.96,996
90.06,1001
90.16,990
90.27,1005
90.37,998
90.48,999
90.58,996
90.68,1004
90.79,1006
90.89,1005
91.00,1004
91.12,1000
91.22,999
91.33,1001
91.43,1007
91.54,1001
91.64,1016
91.74,1005
91.85,1004
91.95,990
92.06,1009
92.16,1005
92.26,1009
92.37,1001
92.47,1004
92.58,1004
92.68,1001
92.78,998
92.89,999
92.99,1001
93.10,1009
93.20,1007
93.30,1004
93.41,1004
93.53,1004
93.64,1001
93.74,995
93.84,998
93.95,998
94.05,990
94.16,987
94.26,993
94.36,1064
94.47,1007
94.57,999
94.68,998
94.78,1004
94.88,996
94.99,996
95.09,990
95.20,1003
95.30,1004
95.40,995
95.51,1752
95.61,962
95.72,926
95.82,962
95.92,987
96.03,995
96.15,1001
96.26,997
96.36,1003
96.46,1003
96.57,1006
96.67,994
96.78,1006
96.88,1018
96.98,1009
97.09,1005
97.19,997
97.30,1003
97.40,994
97.50,994
97.61,1005
97.71,997
97.82,1017
97.92,1003
98.02,1043
98.13,982
98.23,1011
98.34,1005
98.44,946
98.54,1012
98.67,1007
98.77,1008
98.88,1005
98.98,1002
99.08,997
99.19,1008
99.29,999
99.40,1005
99.50,1002
99.60,988
99.71,1000
99.81,1006
99.92,997
100.02,997
100.12,1008
100.23,1006
100.33,1008
100.44,997
100.54,1003
100.64,997
100.75,1003
100.85,1011
100.96,995
101.08,996
101.18,1001
101.29,985
101.39,1010
101.50,993
101.60,993
101.70,1008
101.81,996
101.91,1027
102.02,997
102.12,990
102.22,996
102.33,1010
102.43,1005
102.54,1005
102.64,996
102.74,982
102.85,1000
102.95,988
103.06,991
103.16,992
103.26,976
103.37,1019
103.49,1000
103.60,1002
103.70,1000
103.80,959
103.91,1000
104.01,1006
104.12,1036
104.22,1001
104.32,1011
104.43,1011
104.53,1003
104.64,997
104.74,1000
104.85,1008
104.95,1010
105.05,1000
105.16,1005
105.26,1005
105.37,994
105.47,1009
105.58,1008
105.70,1017
105.80,1008
105.91,1008
106.01,1008
106.12,999
106.22,997
106.32,1005
106.43,1011
106.53,1002
106.64,985
106.74,1005
106.84,976
106.95,1027
107.05,985
107.16,1030
107.26,1017
107.36,1019
107.47,1036
107.57,1000
107.68,1022
107.78,1019
107.89,988
108.01,988
108.11,1002
108.22,996
108.32,1008
108.42,1007
108.53,999
108.63,1005
108.74,1002
108.84,996
108.94,1005
109.05,997
109.15,1004
109.26,1000
109.36,994
109.46,1002
109.57,1011
109.67,1008
109.78,1005
109.88,999
109.99,1005
110.09,1005
110.19,1002
110.32,1008
110.42,1002
110.52,994
110.63,1005
110.73,997
110.84,999
110.94,999
111.04,993
111.15,999
111.25,1002
111.36,999
111.46,1013
111.56,999
111.67,991
111.77,1005
111.88,996
111.98,1005
112.08,1007
112.19,1002
112.29,1002
112.40,999
112.50,999
112.62,1007
112.73,1001
112.83,1002
112.94,1010
113.04,988
113.14,973
113.25,990
113.35,1011
113.46,994
113.56,1006
113.66,969
113.77,987
113.87,1001
113.98,997
114.08,987
114.19,1020
114.29,1005
114.39,988
114.50,1007
114.60,1025
114.70,995
114.81,1007
114.92,1014
115.03,1007
115.14,995
115.24,1010
115.34,996
115.45,1005
115.55,1002
115.66,994
115.76,1002
115.86,988
115.97,999
116.07,997
116.18,997
116.28,993
116.38,997
116.49,1002
116.59,1005
116.70,1003
116.80,1002
116.90,999
117.01,1005
117.11,1002
117.22,996
117.34,1002
117.44,1002
117.55,1002
117.65,1007
117.76,1008
117.86,1002
117.96,997
118.07,796
118.17,699
118.28,908
118.38,897
118.48,955
118.59,999
118.69,973
118.80,973
118.90,999
119.00,999
119.11,993
119.21,1007
119.32,996
119.42,999
119.52,1002
119.65,999
119.75,1005
119.86,1007
119.96,1007
120.07,999
120.17,996
120.27,1011
120.38,1019
120.48,1013
120.58,1001
120.69,999
120.79,993
120.90,993
121.00,1010
121.10,1007
121.21,1010
121.31,993
121.42,1004
121.52,1016
121.62,1002
121.73,1002
121.83,1002
122.06,1002
122.16,995
122.27,999
122.37,1016
122.48,1026
122.58,1017
122.68,1001
122.79,1018
122.89,974
123.00,1001
123.10,1015
123.20,1039
123.31,970
123.41,1104
123.52,958
123.62,997
123.72,1029
123.83,1004
123.93,981
124.04,1007
124.14,1013
124.24,1008
124.37,994
124.47,994
124.58,1004
124.68,1007
124.78,1002
124.89,1005
124.99,1064
125.10,993
125.20,1013
125.30,1016
125.41,1002
125.51,1008
125.62,988
125.72,997
125.82,1040
125.93,1013
126.03,1002
126.14,1008
126.24,1008
126.34,1005
126.45,1005
126.55,1007
126.68,999
126.78,985
126.88,886
126.99,1022
127.09,1013
127.20,999
127.30,1011
127.40,834
127.51,1000
127.61,1005
127.72,1011
127.82,1005
127.92,1005
128.03,1025
128.13,1014
128.24,991
128.34,1017
128.44,1011
128.55,1005
128.65,1005
128.76,1000
128.86,1008
128.98,999
129.09,1005
129.19,1002
129.30,1092
129.40,965
129.50,1008
129.61,1011
129.71,1008
129.82,1005
129.92,994
130.02,991
130.13,1177
130.23,1004
130.34,1020
130.44,987
130.54,1010
130.65,1001
130.75,993
130.86,1008
130.96,1009
131.06,1009
131.18,1011
131.29,1011
131.39,980
131.50,1008
131.60,1002
131.70,996
131.81,1002
131.91,996
132.02,1017
132.12,1008
132.22,1000
132.33,1003
132.43,999
132.54,1005
132.64,1008
132.74,999
132.85,999
132.95,999
133.06,996
133.16,1002
133.26,1002
133.37,1002
133.48,994
133.59,1005
133.70,1180
133.80,1005
133.90,1002
134.01,1008
134.11,1009
134.22,997
134.32,996
134.42,1022
134.53,994
134.63,1044
134.74,1029
134.84,992
134.94,988
135.05,1006
135.15,1005
135.26,999
135.36,1073
135.46,1014
135.57,1005
135.67,1005
135.80,991
135.90,997
136.00,999
136.11,1005
136.21,991
136.32,1008
136.42,1005
136.52,997
136.63,994
136.73,999
136.84,1035
136.94,1003
137.04,1000
137.15,1002
137.25,1000
137.36,1000
137.46,999
137.56,1008
137.67,1019
137.77,1003
137.88,997
137.98,1008
138.09,1003
138.20,991
138.31,991
138.41,994
138.52,994
138.62,997
138.72,999
138.83,999
138.93,1002
139.04,1005
139.14,999
139.24,1005
139.35,993
139.45,1002
139.56,1003
139.66,1017
139.76,1002
139.87,1011
139.97,1007
140.08,999
140.18,999
140.28,1008
140.39,1081
140.51,1005
140.62,1002
140.72,975
140.82,985
140.93,1005
141.03,1005
141.14,991
141.24,1008
141.34,1000
141.45,1005
141.55,994
141.66,1002
141.76,993
141.86,1000
141.97,993
142.07,1000
142.18,994
142.28,1005
142.38,997
142.49,1035
142.59,1031
142.70,998
142.82,997
142.92,1002
143.03,1002
143.13,1005
143.24,1002
143.34,1023
143.44,1009
143.55,1020
143.65,1008
143.76,1005
143.86,993
143.96,993
144.07,1042
144.17,1025
144.28,994
144.38,997
144.48,1000
144.59,1002
144.69,1010
144.80,999
144.90,997
145.00,1005
145.13,991
145.23,999
145.34,1000
145.44,1002
145.54,1008
145.65,1008
145.75,994
145.86,999
145.96,1133
146.06,1346
146.17,881
146.27,941
146.38,1358
146.48,311
146.58,1187
146.69,1195
146.79,1162
146.90,993
147.00,989
147.10,961
147.21,1074
147.31,1098
147.44,1295
147.62,931
147.73,909
147.92,1038
148.02,1342
148.22,962
148.32,802
148.56,1049
148.67,1024
148.86,1067
148.96,1099
149.13,1254
149.23,1113
149.41,1046
149.52,1099
149.70,870
149.81,1043
150.00,1026
150.10,1140
150.29,1080
150.39,949
150.58,848
150.70,901
150.81,1246
151.00,962
151.10,933
151.29,903
151.39,927
151.58,1095
151.68,1040
151.87,984
151.98,1036
152.16,1104
152.27,952
152.45,1002
152.55,1086
152.74,767
152.84,910
153.03,1120
153.14,1078
153.32,1138
153.43,635
153.62,896
153.72,1303
153.93,852
154.17,836
154.36,920
154.46,1013
154.65,949
154.76,1053
154.94,1214
155.05,876
155.24,945
155.34,1067
155.53,985
155.63,666
155.82,1115
155.92,1478
156.12,1156
156.22,700
156.44,1070
156.54,1390
156.76,732
156.87,898
157.09,1451
157.19,1483
157.40,727
157.59,1082
157.69,935
157.88,1094
157.98,762
158.17,1205
158.28,1192
158.46,1147
158.57,1000
158.76,957
158.86,1093
159.05,956
159.16,732
159.38,1172
159.48,1181
159.67,856
159.77,870
159.94,960
160.04,1022
160.22,760
160.33,909
160.52,1270
160.62,1094
160.83,860
161.02,753
161.12,1052
161.32,813
161.42,1141
161.66,1067
161.77,971
161.96,919
162.06,998
162.29,954
162.40,1438
162.62,995
162.72,978
162.94,865
163.04,1149
163.26,934
163.37,1048
163.57,1001
163.67,1026
163.91,1026
164.02,1023
164.24,592
164.47,866
164.58,913
164.76,975
164.86,1211
165.05,1083
165.16,1006
165.34,927
165.45,1001
165.64,1043
165.74,925
165.93,1153
166.03,1030
166.22,1369
166.32,961
166.51,962
166.62,770
166.81,836
166.91,1222
167.13,1015
167.24,889
167.46,967
167.56,1053
167.80,766
167.99,835
168.10,1125
168.28,1234
168.39,1045
168.58,834
168.68,923
168.87,950
168.97,1018
169.16,840
169.27,1096
169.45,985
169.56,1075
169.76,1133
169.87,643
170.09,903
170.19,992
170.41,1083
170.52,1586
170.74,949
170.84,950
171.08,1553
171.19,722
171.44,845
171.54,1098
171.75,914
171.85,955
172.04,1035
172.14,1239
172.40,1020
172.58,906
172.69,981
172.88,1026
172.98,1035
173.17,1012
173.27,996
173.46,1030
173.56,1020
173.75,1028
173.86,1023
174.04,1012
174.15,1007
174.38,996
174.48,1009
174.71,998
174.82,1215
174.93,785
175.12,1075
175.22,576
175.41,1090
175.51,991
175.70,1176
175.80,1028
176.00,1044
176.11,775
176.34,1061
176.45,1042
176.67,924
176.77,1056
177.01,1151
177.12,790
177.34,1114
177.44,1197
177.68,791
177.78,1187
178.00,1024
178.12,1106
178.36,980
178.46,1046
178.67,1055
178.78,1092
179.00,1063
179.10,1200
179.32,1075
179.42,872
179.61,1136
179.72,1016
179.88,923
179.99,1274
180.17,990
180.27,978
180.46,851
180.56,822
180.75,1441
180.86,1055
181.05,934
181.15,888
181.34,828
181.44,972
181.65,1155
181.84,933
181.94,897
182.13,1072
182.23,1000
182.42,1179
182.52,881
182.71,1035
182.82,972
183.00,1038
183.11,1179
183.30,1157
183.40,826
183.59,1036
183.69,1048
183.88,811
183.98,1181
184.20,992
184.30,959
184.52,1054
184.63,1068
184.83,1053
184.95,951
185.06,1418
185.24,1133
185.35,1077
185.54,1140
185.64,992
185.83,952
185.93,1179
186.12,1092
186.22,1074
186.41,1104
186.52,1041
186.73,1072
186.84,1034
187.06,1063
187.16,982
187.38,1008
187.48,1042
187.70,1024
187.81,1058
188.03,1038
188.15,1043
188.26,1040
188.44,969
188.55,1042
188.74,1026
188.84,1017
189.03,1061
189.13,1027
189.32,1105
189.43,984
189.65,1027
189.75,1034
189.97,1039
190.08,1031
190.26,1013
190.37,1077
190.54,1040
190.64,1086
190.82,1017
190.92,1245
191.11,1002
191.22,1061
191.42,1058
191.61,891
191.72,921
191.92,1065
192.02,1021
192.24,993
192.34,989
192.54,977
192.65,955
192.87,1002
192.97,1034
193.21,997
193.32,1025
193.54,1005
193.64,952
193.86,1060
193.96,1084
194.18,938
194.29,913
194.48,974
194.58,968
194.83,915
195.04,1162
195.23,1028
195.33,1091
195.52,1063
195.62,920
195.82,1121
195.93,1184
196.15,922
196.25,1025
196.47,684
196.58,986
196.82,1114
196.92,959
197.16,1172
197.26,1098
197.48,1094
197.59,1191
197.81,1082
197.91,1067
198.15,1067
198.26,1166
198.50,1157
198.62,1077
198.72,1017
198.91,880
199.02,1001
199.20,1177
199.31,1151
199.50,761
199.60,927
199.79,1194
199.90,1051
200.12,943
200.22,1125
200.44,1138
200.54,1002
200.78,856
200.89,1239
201.11,710
201.21,1249
201.43,691
201.54,957
201.76,920
201.86,1238
202.12,800
202.42,1005
202.53,1361
202.75,1572
202.85,478
203.07,933
203.18,1066
203.36,1436
203.47,1107
203.64,1096
203.74,1539
203.93,1308
204.03,1011
204.22,716
204.32,1042
204.51,1250
204.62,842
204.80,995
204.91,1090
205.10,1044
205.20,825
205.39,995
205.51,1429
205.62,1162
205.80,1114
205.91,1134
206.10,875
206.20,951
206.39,1586
206.49,757
206.68,764
206.78,849
207.00,799
207.10,1120
207.32,1128
207.43,1054
207.65,724
207.75,1411
207.94,1003
208.04,969
208.32,1075
208.64,1042
208.74,1025
208.85,1076
208.97,1155
209.08,1072
209.29,868
209.39,964
209.61,1208
209.72,1055
209.94,1000
210.04,1157
210.23,913
210.33,1045
210.50,1078
210.60,797
210.93,1119
211.03,1186
211.14,971
211.24,941
211.34,1152
211.45,973
211.55,1077
211.66,1023
211.76,1029
211.87,917
212.07,1064
212.26,1313
212.37,892
212.59,1191
212.69,790
212.93,1024
213.04,1031
213.26,1200
213.36,1014
213.58,1173
213.68,1103
213.93,905
214.03,1294
214.25,1048
214.35,1199
214.57,1060
214.68,1040
214.92,1083
215.02,2329
215.24,999
215.34,1038
215.56,1327
215.69,789
215.79,1247
215.98,1267
216.08,1049
216.27,832
216.38,955
216.56,1043
216.67,1229
216.86,1103
216.96,967
217.18,1019
217.29,980
217.53,1044
217.63,1091
217.85,1008
217.96,919
218.18,1101
218.28,1168
218.52,1205
218.62,1110
218.81,1061
218.92,787
219.33,1308
219.52,1049
219.62,964
219.82,954
219.92,1002
220.16,1000
220.26,994
220.48,1004
220.59,1001
220.81,1001
220.91,1008
221.15,1010
221.26,1000
221.44,1003
221.55,1002
221.74,1009
221.84,993
222.03,974
222.13,1003
222.32,987
222.42,1004
222.61,1006
222.74,1009
222.84,1002
223.03,1001
223.13,992
223.32,1003
223.42,997
223.61,1011
223.72,1033
223.90,996
224.01,1010
224.21,1002
224.31,1001
224.50,1001
224.60,1006
224.79,1001
224.90,1000
225.08,1008
225.19,1004
225.38,1006
225.48,1003
225.67,1008
225.79,994
225.90,1007
226.08,998
226.19,997
226.38,1006
226.48,1007
226.67,1001
226.77,1005
226.96,990
227.07,999
227.25,1004
227.36,1000
227.55,1006
227.65,999
227.87,1002
227.98,1004
228.22,1010
228.32,999
228.56,1007
228.66,1005
228.88,1004
228.99,1004
229.25,1001
229.43,998
229.53,1003
229.72,1006
229.82,999
230.01,1005
230.12,990
230.31,1004
230.41,1007
230.60,994
230.70,1004
230.93,998
231.03,994
231.25,1008
231.36,1004
231.60,1005
231.70,980
231.94,998
232.04,1004
232.28,1003
232.39,1003
232.63,1002
232.75,1004
232.86,1001
233.04,1007
233.15,1007
233.34,999
233.44,1004
233.64,1004
233.74,997
233.98,990
234.09,1012
234.33,994
234.43,956
234.65,993
234.76,1001
234.94,997
235.05,998
235.24,1002
235.34,1003
235.53,996
235.63,993
235.82,996
235.92,993
236.13,994
236.32,1011
236.42,1006
236.68,1006
236.86,1007
236.97,1003
237.16,995
237.26,1005
237.45,994
237.55,1012
237.74,1007
237.85,1004
238.03,1001
238.14,1006
238.32,990
238.43,997
238.70,999
238.89,1006
238.99,999
239.18,1004
239.28,1009
239.47,997
239.60,1003
239.70,1000
239.89,1007
240.00,998
240.18,1001
240.29,1005
240.48,996
240.58,1006
240.77,1002
240.87,1006
241.06,1002
241.17,1007
241.39,1009
241.50,1006
241.72,1006
241.82,1000
242.01,1006
242.11,998
242.28,994
242.38,998
242.71,1002
242.81,1001
242.94,1005
243.12,1008
243.23,1004
243.42,1009
243.52,1002
243.71,999
243.81,1001
244.00,1015
244.11,1003
244.30,1003
244.40,1006
244.57,1003
244.67,1004
244.86,993
244.96,996
245.15,1008
245.26,997
245.44,1008
245.55,997
245.74,1002
245.84,1006
246.03,1007
246.15,1000
246.26,999
246.44,1017
246.55,999
246.74,1003
246.84,1007
247.03,1005
247.13,997
247.32,989
247.42,1004
247.61,1006
247.72,1006
247.90,1000
248.01,997
248.17,1003
248.28,1005
248.46,990
248.57,1013
248.76,1007
248.86,1000
249.05,1006
249.15,1003
249.36,1000
249.55,998
249.66,1000
249.88,1003
249.98,1003
250.22,1002
250.32,996
250.54,1005
250.65,992
250.87,1004
250.97,1006
251.21,998
251.32,1005
251.50,991
251.61,999
251.80,990
251.90,1000
252.08,1002
252.18,994
252.37,1002
252.48,987
252.66,1004
252.79,998
252.89,1002
253.07,995
253.18,1003
253.36,1003
253.47,994
253.66,996
253.76,997
253.95,999
254.05,998
254.24,1006
254.34,996
254.53,995
254.64,997
254.82,999
254.93,992
255.14,998
255.24,1034
255.48,1015
255.59,991
255.81,982
255.91,952
256.11,997
256.22,996
256.32,988
256.51,988
256.62,996
256.80,1006
256.91,999
257.13,996
257.23,988
257.45,996
257.55,1012
257.77,1012
257.88,993
258.10,1010
258.20,1010
258.42,998
258.52,998
258.76,1000
258.87,998
259.09,1014
259.19,998
259.41,1002
259.52,1012
259.72,1009
259.91,1008
260.02,990
260.20,1010
260.31,1002
260.50,1004
260.60,1004
260.79,1004
260.89,993
261.08,1003
261.18,1005
261.38,1002
261.48,995
261.70,1010
261.80,998
262.04,1021
262.15,990
262.37,1029
262.47,987
262.69,970
262.80,1011
263.04,1007
263.16,993
263.26,982
263.45,1001
263.56,1001
263.74,1005
263.85,1000
264.04,1006
264.14,1004
264.35,1005
264.46,997
264.64,1007
264.75,1004
265.00,997
265.19,1003
265.29,1004
265.48,988
265.58,999
265.77,999
265.88,1004
266.07,991
266.17,998
266.36,1000
266.48,996
266.58,993
266.77,972
266.88,1013
267.06,992
267.17,995
267.36,1003
267.46,1006
267.65,1006
267.75,1008
267.94,1001
268.04,996
268.23,1002
268.34,995
268.54,994
268.65,1004
268.84,997
268.94,998
269.21,1051
269.40,1066
269.50,971
269.69,996
269.82,1572
269.92,1341
270.11,1264
270.21,2060
270.40,1247
270.50,758
270.69,1644
270.80,1215
270.98,849
271.09,756
271.28,780
271.38,1362
271.57,535
271.67,712
271.86,908
271.96,994
272.15,1016
272.26,990
272.44,1014
272.55,1043
272.71,1186
272.82,1037
273.24,1053
273.34,1070
273.53,999
273.63,1145
273.74,1048
273.84,960
273.94,1003
274.05,936
274.15,957
274.26,933
274.36,1077
274.46,1349
274.57,1072
274.67,1230
274.78,1143
274.88,1130
274.98,776
275.09,1007
275.19,998
275.30,1006
275.40,1004
275.50,1018
275.63,1041
275.73,909
275.84,1026
275.94,1022
276.04,992
276.15,1008
276.25,1012
276.36,1010
276.46,999
276.56,1008
276.67,1014
276.77,1015
276.88,1017
276.98,1015
277.08,1004
277.19,1006
277.29,1010
277.40,991
277.50,1024
277.60,998
277.71,1001
277.81,1012
277.94,1026
278.04,1017
278.14,1009
278.25,1010
278.35,1006
278.46,1054
278.56,1012
278.66,1019
278.77,995
278.87,1000
278.98,1017
279.08,1007
279.19,1004
279.29,1020
279.39,1008
279.50,1017
279.60,1020
279.70,997
279.81,1017
279.91,1009
280.02,1010
280.12,1011
280.24,1013
280.35,1022
280.45,1013
280.56,1008
280.66,1013
280.76,1013
280.87,1001
280.97,1006
281.08,999
281.18,1015
